Item,Mar 24,Mar 23,Mar 22,Mar 21,Mar 20,Mar 19,Mar 18,Mar 17,Mar 16,Mar 15,Mar 14,Mar 13,Mar 12,Mar 11,Mar 10,Mar 09,Mar 08,Mar 07,Mar 06,Mar 05,Mar 04
EQUITIES AND LIABILITIES,,,,,,,,,,,,,,,,,,,,,
SHAREHOLDER'S FUNDS,,,,,,,,,,,,,,,,,,,,,
Equity Share Capital,111.1,111.1,111.1,111.1,111.1,111.1,111.1,111.1,111.1,111.1,111.1,111.1,55.55,55.55,55.55,55.55,27.78,27.78,27.78,24.0,24.0
Total Share Capital,111.1,111.1,111.1,111.1,111.1,111.1,111.1,111.1,111.1,111.1,111.1,111.1,55.55,55.55,55.55,55.55,27.78,27.78,27.78,24.0,24.0
Reserves and Surplus,9353.76,7623.2,6779.82,6067.41,5436.26,4929.83,4020.23,3634.53,3201.52,2866.95,2293.81,1975.6,1732.97,1474.34,1260.57,1097.12,1015.15,850.1,783.06,655.22,499.24
Total Reserves and Surplus,9353.76,7623.2,6779.82,6067.41,5436.26,4929.83,4020.23,3634.53,3201.52,2866.95,2293.81,1975.6,1732.97,1474.34,1260.57,1097.12,1015.15,850.1,783.06,655.22,499.24
Employees Stock Options,6.83,3.1,2.17,0.94,0.0,2.87,2.3,0.0,0.0,0.0,,,,,,,,,,,0.0
Total Shareholders Funds,9471.69,7737.4,6893.09,6179.45,5547.37,5043.81,4133.63,3745.63,3312.62,2978.05,2404.92,2086.71,1788.52,1529.9,1316.12,1152.67,1042.92,877.88,810.83,679.22,523.24
NON-CURRENT LIABILITIES,,,,,,,,,,,,,,,,,,,,,
Long Term Borrowings,21526.91,20768.03,20472.17,21353.36,0.0,25005.81,21109.16,6028.9,4865.17,6538.68,5607.98,5041.54,5357.74,5912.83,7559.08,5748.27,5782.79,4959.25,2994.49,2605.95,1924.61
Other Long Term Liabilities,37.47,28.36,28.44,24.66,16.83,23.1,16.52,188.59,155.69,172.6,115.66,137.75,106.22,107.9,0.0,,,,,,0.0
Long Term Provisions,47.59,38.91,42.76,24.11,30.72,51.36,62.69,97.51,89.08,83.76,76.99,63.83,49.46,58.9,0.0,,,,,,0.0
Total Non-Current Liabilities,21611.97,20835.3,20543.37,21402.13,47.54,25080.27,21188.38,6315.01,5109.94,6795.04,5800.64,5243.12,5513.42,6079.62,7564.99,5754.24,5787.97,4966.63,3009.34,2632.07,1972.03
CURRENT LIABILITIES,,,,,,,,,,,,,,,,,,,,,
Short Term Borrowings,19349.98,11986.91,7363.11,6860.05,27336.75,0.0,0.0,3817.23,2227.74,2173.67,2574.05,2400.24,2044.42,1895.61,934.7,527.5,298.18,776.91,1480.0,1200.43,660.51
Trade Payables,141.83,112.3,96.94,62.89,69.9,103.57,73.23,78.54,87.83,51.5,33.46,43.96,45.57,51.63,234.99,210.65,280.12,194.57,155.84,124.94,121.02
Other Current Liabilities,412.34,386.79,391.01,447.94,417.95,421.53,415.47,5040.57,6465.43,4545.72,4365.63,4714.2,3412.31,2546.98,315.85,292.96,250.23,160.75,96.39,108.68,91.88
Total Current Liabilities,19904.15,12486.0,7851.06,7370.88,27824.6,525.1,488.69,9106.83,8970.0,6988.1,7209.37,7307.76,5636.11,4600.21,1608.26,1106.32,925.82,1178.06,1817.34,1489.64,941.76
Total Capital And Liabilities,50987.81,41058.7,35287.52,34952.46,33419.51,30649.18,25810.7,19167.47,17392.56,16761.19,15414.93,14637.59,12938.05,12209.73,10489.6,8013.23,7756.71,7022.57,5637.51,4804.7,3437.03
ASSETS,,,,,,,,,,,,,,,,,,,,,
NON-CURRENT ASSETS,,,,,,,,,,,,,,,,,,,,,
Tangible Assets,543.98,405.05,288.56,253.95,271.57,213.52,216.4,266.28,256.07,283.12,315.57,299.76,266.4,216.31,221.57,196.08,169.34,160.18,156.59,186.54,231.93
Intangible Assets,14.31,8.41,3.21,5.43,9.14,11.91,6.63,10.42,22.37,25.69,27.88,31.81,7.71,9.53,10.81,6.33,3.31,2.46,2.37,2.35,1.96
Intangible Assets Under Development,1.3,0.6,0.0,0.0,0.0,0.0,0.21,0.0,0.0,2.06,3.2,0.32,20.29,8.3,0.0,,,,,,0.0
Other Assets,98.62,99.05,68.66,71.52,78.9,79.67,70.91,0.0,0.0,0.0,,,,,,,,,,,0.0
Fixed Assets,658.21,513.11,360.43,330.9,359.61,305.09,294.15,276.69,278.44,310.87,346.65,331.89,294.4,234.15,392.44,309.56,172.64,388.91,388.41,307.96,233.89
Deferred Tax Assets [Net],15.16,172.77,185.1,158.92,123.13,80.11,53.71,116.94,121.59,110.83,109.93,90.5,58.54,46.28,61.24,56.91,42.64,26.86,22.59,24.17,26.33
Other Non-Current Assets,372.86,435.07,328.1,280.14,210.99,184.49,239.89,32.0,30.51,13.12,11.62,10.0,8.94,9.11,0.0,,,,,,0.0
Total Non-Current Assets,1046.23,1120.95,873.63,769.96,693.72,569.69,587.74,11140.22,9822.75,8701.55,7909.32,7551.4,6795.01,5862.09,991.13,878.36,671.73,865.32,883.61,643.27,546.78
CURRENT ASSETS,,,,,,,,,,,,,,,,,,,,,
Current Investments,6382.92,5062.82,5318.67,4052.4,3937.74,1866.33,2206.8,225.78,331.58,463.68,473.44,217.94,8.51,295.37,0.0,,,,,,0.0
Trade Receivables,45.58,32.42,18.26,20.15,20.8,17.57,19.89,0.0,0.0,0.0,,,,,,,,,,,0.0
Cash And Cash Equivalents,1418.39,1070.25,617.13,693.17,629.81,838.63,982.1,747.19,552.56,676.72,674.75,874.36,429.09,1082.19,1373.79,315.58,201.88,658.85,211.19,100.39,70.67
Short Term Loans And Advances,42076.81,33755.2,28400.15,29403.86,28044.7,27271.48,22003.0,6892.48,6529.62,6743.27,6170.73,5831.46,5577.06,4857.98,7835.23,6447.32,6528.23,5129.18,4103.33,3575.65,2391.07
OtherCurrentAssets,17.88,17.06,59.68,12.92,92.74,85.48,11.17,161.79,156.04,175.97,186.69,162.43,128.38,112.09,9.74,9.74,9.74,9.74,9.74,9.74,0.0
Total Current Assets,49941.58,39937.75,34413.89,34182.51,32725.79,30079.48,25222.96,8027.25,7569.81,8059.64,7505.61,7086.19,6143.03,6347.63,9498.48,7134.86,7084.98,6157.25,4753.9,4161.43,2890.25
Total Assets,50987.81,41058.7,35287.52,34952.46,33419.51,30649.18,25810.7,19167.47,17392.56,16761.19,15414.93,14637.59,12938.05,12209.73,10489.6,8013.23,7756.71,7022.57,5637.51,4804.7,3437.03
OTHER ADDITIONAL INFORMATION,,,,,,,,,,,,,,,,,,,,,
"CONTINGENT LIABILITIES, COMMITMENTS",,,,,,,,,,,,,,,,,,,,,
Contingent Liabilities,225.69,122.32,53.27,81.89,54.52,82.02,125.78,106.9,116.6,125.6,111.85,115.39,109.0,91.24,82.77,42.94,40.52,84.71,130.69,130.87,120.23
CIF VALUE OF IMPORTS,,,,,,,,,,,,,,,,,,,,,
EXPENDITURE IN FOREIGN EXCHANGE,,,,,,,,,,,,,,,,,,,,,
Expenditure In Foreign Currency,0.0,0.08,18.81,0.0,0.0,83.57,0.0,45.75,9.58,1.11,0.04,4.54,10.0,0.17,1.45,7.01,3.72,10.23,10.65,12.31,11.91
REMITTANCES IN FOREIGN CURRENCIES FOR DIVIDENDS,,,,,,,,,,,,,,,,,,,,,
Dividend Remittance In Foreign Currency,,,,,,,,,,,,,,,,,,,,,
EARNINGS IN FOREIGN EXCHANGE,,,,,,,,,,,,,,,,,,,,,
FOB Value Of Goods,,,,,,,,,,,,,,,,,,,,,
Other Earnings,,,1.65,,,2.44,,23.27,38.05,15.5,26.18,13.31,3.76,0.68,0.95,3.04,4.02,2.79,2.95,0.8,0.91
BONUS DETAILS,,,,,,,,,,,,,,,,,,,,,
Bonus Equity Share Capital,106.52,106.52,106.52,106.53,106.53,106.53,106.53,106.53,106.53,106.53,106.53,106.53,50.98,50.98,50.98,50.98,23.2,23.2,23.2,23.2,23.2
NON-CURRENT INVESTMENTS,,,,,,,,,,,,,,,,,,,,,
Non-Current Investments Quoted Market Value,,,,,,,,1389.6,981.16,945.83,475.91,368.32,332.03,276.48,237.86,150.95,193.82,228.97,251.92,217.02,175.82
Non-Current Investments Unquoted Book Value,,,,,,,,1307.33,1224.92,714.24,731.74,652.02,581.2,488.87,381.38,396.16,359.24,362.13,380.56,203.25,192.16
CURRENT INVESTMENTS,,,,,,,,,,,,,,,,,,,,,
Current Investments Quoted Market Value,,,,,,,,1.51,177.18,183.97,1.0,2.49,1.3,,,,,,,,
Current Investments Unquoted Book Value,6382.92,5062.82,5318.67,4052.4,,,,224.28,154.41,280.66,472.47,215.44,7.21,290.37,,,,,,,
Short Term Provisions,,,,,,0.0,0.0,170.49,189.0,217.21,236.23,149.36,133.8,105.99,122.72,75.21,97.29,45.82,85.1,55.58,68.34
Non-Current Investments,,,,,,0.0,0.0,1657.39,1504.66,1057.79,973.84,826.36,755.49,697.46,537.45,511.89,456.46,449.54,472.6,311.13,286.56
Long Term Loans And Advances,,,,,,0.0,0.0,9057.2,7887.55,7208.94,6467.28,6292.65,5677.64,4875.09,0.0,,,,,,0.0
Equity Share Application Money,,,,,,,,,,,0.0,0.0,0.0,0.0,0.23,0.0,0.0,0.0,0.0,3.78,0.0
Deferred Tax Liabilities [Net],,,,,,,,,,,0.0,0.0,0.0,0.0,5.91,5.97,5.18,7.38,14.85,26.12,47.42
Capital Work-In-Progress,,,,,,,,,,,0.0,0.0,0.0,0.0,160.06,107.15,0.0,226.27,229.45,119.07,0.0
Inventories,,,,,,,,,,,0.0,0.0,0.0,0.0,279.71,362.22,345.11,359.47,429.64,475.64,428.52
Capital Goods,,,,,,,,,,,0.0,0.0,12.98,9.57,6.32,0.33,3.2,6.32,0.71,0.58,1.59
Preference Share Capital,,,,,,,,,,,,,,,,,,,,,0.0
Revaluation Reserves,,,,,,,,,,,,,,,,,,,,,0.0
Money Received Against Share Warrants,,,,,,,,,,,,,,,,,,,,,0.0
Preference Share Application Money,,,,,,,,,,,,,,,,,,,,,0.0
Share Capital Suspense,,,,,,,,,,,,,,,,,,,,,0.0
Hybrid/Debt/Other Securities,,,,,,,,,,,,,,,,,,,,,0.0
Statutory Consumer Reserves,,,,,,,,,,,,,,,,,,,,,0.0
Special Appropriation Towards Project Cost,,,,,,,,,,,,,,,,,,,,,0.0
Service Line Contribution From Consumers,,,,,,,,,,,,,,,,,,,,,0.0
Government/Other Grants,,,,,,,,,,,,,,,,,,,,,0.0
Foreign Currency Monetary Item Translation Difference A/C,,,,,,,,,,,,,,,,,,,,,0.0
Cnstruction Stores,,,,,,,,,,,,,,,,,,,,,0.0
Mining Development Expenditure,,,,,,,,,,,,,,,,,,,,,0.0
Assets Held For Sale,,,,,,,,,,,,,,,,,,,,,0.0
Raw Materials,,,,,,,,,,,,,,,,,,,,,0.0
"Stores, Spares And Loose Tools",,,,,,,,,,,,,,,,,,,,,0.0
Trade/Other Goods,,,,,,,,,,,,,,,,,,,,,0.0
